,UTF-8,字
0,e4b89a,业
1,e5a49c,夜
2,e4b8a5,严
3,e5aeb4,宴
4,e6a392,棒
5,e585b4,兴
6,e5b195,展
7,e7a0b4,破
8,e8a18c,行
9,e8a385,装
10,e79cbc,眼
11,e4baa7,产
12,e5ada6,学
13,e5a4a9,天
14,e99b86,集
15,e6b3b0,泰
16,e5b882,市
17,e8b1aa,豪
18,e5b79e,州
19,e5b185,居
20,e4b8ad,中
21,e5ae9d,宝
22,e4bf9d,保
23,e58d8e,华
24,e58fb7,号
25,e59bbd,国
26,e980a0,造
27,e4bc97,众
28,e8bdbd,载
29,e98193,道
30,e794b5,电
31,e5909b,君
32,e7be8a,羊
33,e882a1,股
34,e6b19f,江
35,e58aa0,加
36,e4bdb3,佳
37,e585b1,共
38,e6b2a1,没
39,e4b8bd,丽
40,e5b1b1,山
41,e4b89c,东
42,e5a484,处
43,e5b7a1,巡
44,e999a2,院
45,e4ba94,五
46,e7b2be,精
47,e4bc9a,会
48,e68890,成
49,e88198,聘
50,e585b8,典
51,e4bfae,修
52,e4b88a,上
53,e59089,吉
54,e58f8d,反
55,e98787,采
56,e5a4ab,夫
57,e7949f,生
58,e8afb8,诸
59,e69db0,杰
60,e69c89,有
61,e5928c,和
62,e4bebf,便
63,e585ac,公
64,e59b9e,回
65,e88daf,药
66,e59ba2,团
67,e6b091,民
68,e7be8e,美
69,e6898b,手
70,e79697,疗
71,e99baa,雪
72,e8afb7,请
73,e8a784,规
74,e5889b,创
75,e69fb3,柳
76,e588b6,制
77,e59198,员
78,e59bad,园
79,e5bfab,快
80,e6988e,明
81,e5a48d,复
82,e8af81,证
83,e9809a,通
84,e6a5bc,楼
85,e8bf8e,迎
86,e59cb0,地
87,e8b4b8,贸
88,e5bbba,建
89,e59cba,场
90,e58cba,区
91,e585bb,养
92,e696b9,方
93,e4bba5,以
94,e6b1bd,汽
95,e887aa,自
96,e9b29c,鲜
97,e5908d,名
98,e4b889,三
99,e882b2,育
100,e6a1a5,桥
101,e4b893,专
102,e7aea1,管
103,e794a8,用
104,e8b4a8,质
105,e78988,版
106,e8bda6,车
107,e9bd90,齐
108,e7ab8b,立
109,e4b98b,之
110,e98592,酒
111,e5aeb6,家
112,e585b7,具
113,e9a686,馆
114,e8b59e,赞
115,e890a7,萧
116,e58584,兄
117,e7ad89,等
118,e79bbc,盼
119,e6a38b,棋
120,e99988,陈
121,e7ab99,站
122,e585ad,六
123,e581a5,健
124,e8af9d,话
125,e59586,商
126,e7abb9,竹
127,e8b7af,路
128,e79bb8,相
129,e9a9b6,驶
130,e689ac,扬
131,e4b9a0,习
132,e6b5b4,浴
133,e5b494,崔
134,e799bd,白
135,e58ea6,厦
136,e59f8e,城
137,e69687,文
138,e8a197,街
139,e8aeaf,讯
140,e68db7,捷
141,e5a5bd,好
142,e88194,联
143,e79a84,的
144,e681a9,恩
145,e599a8,器
146,e6b996,湖
147,e6a0b8,核
148,e8b186,豆
149,e789a9,物
150,e68993,打
151,e993b6,银
152,e58f91,发
153,e8af9a,诚
154,e8be85,辅
155,e68b9b,招
156,e58aa8,动
157,e9809f,速
158,e784b6,然
159,e5baa7,座
160,e788b1,爱
161,e6b48b,洋
162,e6b094,气
163,e58ebf,县
164,e4baa4,交
165,e8bf9e,连
166,e7a791,科
167,e694be,放
168,e6b2bb,治
169,e7919e,瑞
170,e4b880,一
171,e7a88b,程
172,e58f8b,友
173,e7bd91,网
174,e781ab,火
175,e7bbbc,综
176,e5a4a7,大
177,e99b85,雅
178,e5b18a,届
179,e58583,元
180,e694b6,收
181,e4baac,京
182,e5b9b3,平
183,e4b990,乐
184,e6b4be,派
185,e5b7a5,工
186,e5aea3,宣
187,e5ae87,宇
188,e5bf83,心
189,e58c97,北
190,e88f9c,菜
191,e585a5,入
192,e59da4,坤
193,e585a8,全
194,e8aebe,设
195,e594af,唯
196,e7a6a7,禧
197,e696b0,新
198,e7a4ba,示
199,e7baab,纫
200,e5aeab,宫
201,e5918a,告
202,e8a5bf,西
203,e79b9b,盛
204,e7b4a0,素
205,e5a4b4,头
206,e7a780,秀
207,e68ea7,控
208,e999a9,险
209,e7a79f,租
210,e6b3bd,泽
211,e58b83,勃
212,e4b985,久
213,e5ae89,安
214,e8be86,辆
215,e6b780,淀
216,e6bba8,滨
217,e697a5,日
218,e6ba90,源
219,e594ae,售
220,e58fb8,司
221,e689be,找
222,e4bfa1,信
223,e997b2,闲
224,e68f90,提
225,e69dad,杭
226,e995b6,镶
227,e4baba,人
228,e58588,先
229,e8bebe,达
230,e69f9c,柜
231,e688bf,房
232,e585ab,八
233,e58e9f,原
234,e5a496,外
235,e79b91,监
236,e5b297,岗
237,e4b89d,丝
238,e695b0,数
239,e88e8a,莊
240,e7bb92,绒
241,e596b7,喷
242,e8b090,谐
243,e7baba,纺
244,e4b8ba,为
245,e88ab1,花
246,e88097,耗
247,e683a0,惠
248,e9959c,镜
249,e59889,嘉
250,e8bf9b,进
251,e684a7,愧
252,e6a5ad,業
253,e5ad98,存
254,e78eaf,环
255,e8ada6,警
256,e59fba,基
257,e5a299,墙
258,e59684,善
259,e59091,向
260,e697b6,时
261,e887b3,至
262,e6b3a5,泥
263,e4b896,世
264,e4bca6,伦
265,e5bab7,康
266,e5898d,前
267,e8bfaa,迪
268,e9b8ad,鸭
269,e6acbe,款
270,e99381,铁
271,e688b7,户
272,e4bc91,休
273,e8b0a2,谢
274,e59bbe,图
275,e6b5b7,海
276,e998b3,阳
277,e6b0b8,永
278,e59088,合
279,e69c8d,服
280,e983bd,都
281,e69ca8,木
282,e7b1bb,类
283,e99da2,面
284,e7a3a8,磨
285,e5b29b,岛
286,e5ba97,店
287,e5b79d,川
288,e5ad97,字
289,e689a7,执
290,e78e8b,王
291,e7a4be,社
292,e9a9be,驾
293,e9be84,龄
294,e69a96,暖
295,e5b180,局
296,e5b0be,尾
297,e59381,品
298,e58dab,卫
299,e5869b,军
300,e883bd,能
301,e5beb7,德
302,e694bf,政
303,e4b887,万
304,e8bdac,转
305,e99587,镇
306,e4bbac,们
307,e6baa2,溢
308,e7a9ba,空
309,e68891,我
310,e4b989,义
311,e99288,针
312,e58a9b,力
313,e9be99,龙
314,e997a8,门
315,e58aa1,务
316,e8b083,调
317,e69d91,村
318,e59c8b,國
319,e5b7a6,左
320,e7ad91,筑
321,e88e89,莉
322,e595a1,啡
323,e58f8c,双
324,e6bc86,漆
325,e889be,艾
326,e4ba91,云
327,e98d8b,鍋
328,e79b96,盖
329,e9a5ad,饭
330,e99aa7,隧
331,e5aea2,客
332,e9a490,餐
333,e68aa5,报
334,e6b998,湘
335,e781b0,灰
336,e994a6,锦
337,e88d89,草
338,e79aae,皮
339,e4bd9c,作
340,e5b09a,尚
341,e682a8,您
342,e5bd93,当
343,e68ab5,抵
344,e5a49a,多
345,e4baa9,亩
346,e998bf,阿
347,e69da1,条
348,e5aeb9,容
349,e993be,链
350,e59f9f,域
351,e698af,是
352,e9a1b6,顶
353,e6a2b0,械
354,e79086,理
355,e69184,摄
356,e799be,百
357,e590b4,吴
358,e58880,刀
359,e8b4b9,费
360,e5a3b9,壹
361,e5a29e,增
362,e6b885,清
363,e8868f,膏
364,e6a0b7,样
365,e694b9,改
366,e890a5,营
367,e696bd,施
368,e4bba4,令
369,e78eb0,现
370,e9939d,铝
371,e9878d,重
372,e78ea9,玩
373,e7a4bc,礼
374,e58d83,千
375,e899b9,虹
376,e5b8a6,带
377,e79c81,省
378,e5bc8f,式
379,e6bda2,潢
380,e58cbb,医
381,e4bc98,优
382,e4baab,享
383,e8b685,超
384,e7baaa,纪
385,e68992,扒
386,e5a594,奔
387,e992a2,钢
388,e8afad,语
389,e6a285,梅
390,e4bb99,仙
391,e993ba,铺
392,e5b9b8,幸
393,e5b7a8,巨
394,e5b0b1,就
395,e8b5b7,起
396,e5ba84,庄
397,e8b4ad,购
398,e58db1,危
399,e9878e,野
400,e58f82,参
401,e99985,际
402,e7a78d,种
403,e587ba,出
404,e8829a,肚
405,e88289,肉
406,e5baad,庭
407,e8bfbd,追
408,e6b187,汇
409,e4b99d,九
410,e9878f,量
411,e5bda9,彩
412,e4b8be,举
413,e7919c,瑜
414,e88bb1,英
415,e7b4ab,紫
416,e591a8,周
417,e59c98,團
418,e79bb4,直
419,e99d92,青
420,e78e89,玉
421,e6aca2,欢
422,e58685,内
423,e58e82,厂
424,e783a7,烧
425,e4bd93,体
426,e69caa,未
427,e69588,效
428,e6b3b5,泵
429,e6989f,星
430,e6b8af,港
431,e7b2a5,粥
432,e887b4,致
433,e587af,凯
434,e58d97,南
435,e8b6b3,足
436,e981bf,避
437,e4ba9a,亚
438,e7baa2,红
439,e9aaa8,骨
440,e6b182,求
441,e58d9a,博
442,e4ba9e,亞
443,e5ad90,子
444,e5af87,寇
445,e6aca1,次
446,e58887,切
447,e99a86,隆
448,e69cba,机
449,e88a9d,芝
450,e8b4b4,贴
451,e58780,净
452,e5b9b4,年
453,e9989f,队
454,e58da1,卡
455,e793b7,瓷
456,e5b9bf,广
457,e9a38e,风
458,e9a39e,飞
459,e998b2,防
460,e8bda9,轩
461,e7898c,牌
462,e7bbb4,维
463,e99990,限
464,e59b9b,四
465,e6af8f,每
466,e983a8,部
467,e6a8a1,模
468,e8b4a7,货
469,e7bb8f,经
470,e8bdae,轮
471,e6b2b3,河
472,e7a68f,福
473,e6898d,才
474,e8beb9,边
475,e58c96,化
476,e680a7,性
477,e5af8c,富
478,e888aa,航
479,e78eae,玮
480,e5ae9e,实
481,e58d8a,半
482,e4bd8f,住
483,e68ea5,接
484,e591b7,呷
485,e5ba86,庆
486,e69599,教
487,e781b5,灵
488,e58d81,十
489,e59c86,圆
490,e5ae97,宗
491,e5ae9a,定
492,e6b0b4,水
493,e5bfa0,忠
494,e9929f,钟
495,e7bb8d,绍
496,e6b2aa,沪
497,e69c9f,期
498,e6b497,洗
499,e6a0bc,格
500,e796ab,疫
501,e58d8f,协
502,e8aea1,计
503,e9a5ba,饺
504,e68ea8,推
505,e5b9bc,幼
506,e6b7b1,深
507,e7baa6,约
508,e5a2a8,墨
509,e698a5,春
510,e7bbbf,绿
511,e685a2,慢
512,e9a2a8,風
513,e58a9e,办
514,e6848f,意
515,e6ada2,止
516,e8848f,脏
517,e68a80,技
518,e5bc98,弘
519,e69fa5,查
520,e98791,金
521,e5969d,喝
522,e5969c,喜
523,e7babf,线
524,e58fa3,口
525,e5b08f,小
526,e992bb,钻
527,e5ad9f,孟
528,e8aea9,让
529,e58faf,可
530,e5b8b8,常
531,e99480,销
532,e78e9b,玛
533,e7acac,第
534,e79c8b,看
535,e5be97,得
536,e8a1a1,衡
537,e88892,舒
538,e58e85,厅
539,e8aba7,諧
540,e7aba0,章
541,e69e97,林
542,e79083,球
543,e8b4a9,贩
544,e4babf,亿
545,e8af86,识
546,e6b894,渔
547,e88d86,荆
548,e8bf88,迈
549,e789b9,特
550,e69c80,最
551,e69caf,术
552,e59c9f,土
553,e6b49b,洛
554,e69cac,本
555,e5aebf,宿
556,e6909c,搜
557,e697a0,无
558,e4bbb6,件
559,e8819a,聚
560,e5bc80,开
561,e8af8a,诊
562,e6b395,法
563,e9a5b0,饰
564,e7aa97,窗
565,e7bba3,绣
566,e4b88d,不
567,e69c8b,朋
568,e5afbc,导
569,e6a0a1,校
570,e59083,吃
571,e5bc95,引
572,e681ad,恭
573,e9a5bc,饼
574,e99485,锅
575,e5afbf,寿
576,e9ab98,高
577,e58f96,取
578,e999b6,陶
579,e5a887,娇
580,e99d9b,靛
581,e5b0bd,尽
582,e5b1af,屯
583,e6b581,流
584,e68980,所
585,e6ada3,正
586,e5af84,寄
587,e4bda0,你
588,e586b0,冰
589,e7bc98,缘
590,e69785,旅
591,e79585,畅
592,e4bba3,代
593,e4bca0,传
594,e69c88,月
595,e59da1,坡
596,e59eab,垫
597,e8838e,胎
598,e6a18c,桌
599,e5b7b4,巴
600,e7839f,烟
601,e4b88b,下
602,e9baa6,麦
603,e6af94,比
604,e889b2,色
605,e992b1,钱
606,e6b9be,湾
607,e8ad89,證
608,e88c82,茂
609,e88888,興
610,e88eb1,莱
611,e99488,锈
612,e6b389,泉
613,e8b5b0,走
614,e9bc8e,鼎
615,e6b481,洁
616,e8b59b,赛
617,e8a786,视
618,e783ad,热
619,e9858d,配
620,e7a38a,磊
621,e69dbf,板
622,e68ba5,拥
623,e580a1,倡
624,e4b8b0,丰
625,e88081,老
626,e4bb81,仁
627,e79fa9,矩
628,e88cb6,茶
629,e6baaa,溪
630,e58fa4,古
631,e5858d,免
632,e7bb9d,绝
633,e59e8b,型
634,e5af86,密
635,e58d93,卓
636,e8889e,舞
637,e788b5,爵
638,e99881,阁
639,e99481,锁
640,e5baa6,度
641,e69bb2,曲
642,e689b9,批
643,e682b2,悲
644,e9b59d,鵝
645,e995bf,长
646,e68caf,振
647,e8839c,胜
648,e699ba,智
649,e79fb3,石
650,e4bbb7,价
651,e9bb84,黄
652,e8b4a2,财
653,e5bcba,强
654,e9a696,首
655,e590af,启
656,e5b7b2,已
657,e6b4bb,活
658,e6a1a3,档
659,e7b1b3,米
660,e584bf,儿
661,e5908a,吊
662,e8b79d,距
663,e8b584,资
664,e7bb87,织
665,e8a696,視
666,e68c89,按
667,e58897,列
668,e78f8d,珍
669,e6b3a1,泡
670,e4b883,七
671,e7a5a5,祥
672,e5b094,尔
673,e5858b,克
674,e68e92,排
675,e991ab,鑫
676,e59ca8,在
677,e4ba8e,于
678,e8a7a6,触
679,e78fa0,珠
680,e8908c,萌
681,e5b995,幕
682,e58886,分
683,e8aea4,认
684,e9bb91,黑
685,e5a283,境
686,e58ab3,劳
687,e689ab,扫
688,e6a485,椅
689,e5b883,布
690,e58d9c,卜
691,e680bb,总
692,e7b4a7,紧
693,e699ae,普
694,e7809a,瀚
695,e5a3b0,声
696,e59fb9,培
697,e7bb95,绕
698,e58187,假
699,e59490,唐
700,e5bd8a,彊
701,e68998,托
702,e7a880,稀
703,e5b08a,尊
704,e5b2b8,岸
705,e5ba94,应
706,e5b3b0,峰
707,e6b3a2,波
708,e99da0,靠
709,e6b8a9,温
710,e5938d,响
711,e783a4,烤
712,e6809d,思
713,e7a78b,秋
714,e794b0,田
715,e69da5,来
716,e7a596,祖
717,e78fad,班
718,e8a782,观
719,e9a699,香
720,e7a7bb,移
721,e794bb,画
722,e590be,吾
723,e5be85,待
724,e883a1,胡
725,e58d87,升
726,e6b599,浙
727,e588a9,利
728,e4b8bb,主
729,e88b8d,苍
730,e690ac,搬
731,e88eab,莫
732,e5a198,塘
733,e880b3,耳
734,e58db7,卷
735,e79283,璃
736,e585b0,兰
737,e88da3,荣
738,e5819a,做
739,e58fb0,台
740,e4bab2,亲
741,e69bb8,書
742,e6b8b8,游
743,e7bb9c,络
744,e7899b,牛
745,e7a6be,禾
746,e99b84,雄
747,e5b0bf,尿
748,e783a9,烩
749,e99fb3,音
750,e882a4,肤
751,e78292,炒
752,e8b786,跆
753,e8bf90,运
754,e6b6a6,润
755,e5a99a,婚
756,e9a1ba,顺
757,e591b3,味
758,e68c81,持
759,e5b19e,属
760,e69d90,材
761,e58589,光
762,e4ba95,井
763,e580bc,值
764,e79a96,皖
765,e99c87,震
766,e8bf9c,远
767,e4b9a6,书
768,e695ac,敬
769,e7a781,私
770,e997aa,闪
771,e5ada3,季
772,e9babb,麻
773,e8b68a,越
774,e68a97,抗
775,e6b09f,氟
776,e889af,良
777,e5a986,婆
778,e588bb,刻
779,e8b783,跃
780,e68da2,换
781,e5aeb5,宵
782,e59084,各
783,e68385,情
784,e7baa7,级
785,e795b6,當
786,e4b9a1,乡
787,e5a3ab,士
788,e4bc99,伙
789,e588b8,券
790,e889ba,艺
791,e8aea2,订
792,e5b182,层
793,e6a0b9,根
794,e5ba8a,床
795,e5b898,帘
796,e5b18b,屋
797,e4bc81,企
798,e9bdbf,齿
799,e58ea8,厨
800,e4ba8b,事
801,e6988c,昌
802,e782b9,点
803,e6aca7,欧
804,e68abc,押
805,e4ba8c,二
806,e7ad96,策
807,e88b8f,苏
808,e5819c,停
809,e4b9b0,买
810,e88080,耀
811,e6b3b8,泸
812,e8aead,训
813,e5ae81,宁
814,e6bc94,演
815,e8b7b3,跳
816,e4bb8b,介
817,e5a5b6,奶
818,e5a588,奈
819,e6b2b9,油
820,e6b3a8,注
821,e6a087,标
822,e794ac,甬
823,e5a793,姓
824,e7a195,硕
825,e58db0,印
826,e59d90,坐
827,e99e8b,鞋
828,e59ca3,圣
829,e99382,铂
830,e69faf,柯
831,e5b2ad,岭
832,e9a286,领
833,e4bd9b,佛
834,e4bb95,仕
835,e4bd8e,低
836,e89197,著
837,e6a08b,栋
838,e5ba9c,府
839,e99289,钉
840,e8a1a3,衣
841,e8b4b5,贵
842,e59bb4,围
843,e982ae,邮
844,e4bb93,仓
845,e9878c,里
846,e6a091,树
847,e7aeb1,箱
848,e79fa5,知
849,e78eb2,玲
850,e885be,腾
851,e888b0,舰
852,e5b0bc,尼
853,e9a6a8,馨
854,e78886,爆
855,e5869c,农
856,e590b8,吸
857,e59d80,址
858,e5a5b3,女
859,e89389,蓉
860,e6a380,检
861,e58c9d,匝
862,e8bf98,还
863,e7a59d,祝
864,e6b181,汁
865,e9a291,频
866,e88c83,范
867,e5a4b9,夹
868,e58ba4,勤
869,e5a7bf,姿
870,e4ba92,互
871,e99d9e,非
872,e4b8b2,串
873,e58e95,厕
874,e6be84,澄
875,e8b4af,贯
876,e8939d,蓝
877,e69d9f,束
878,e5889d,初
879,e68b89,拉
880,e8bf81,迁
881,e5b9b2,干
882,e69da0,杠
883,e58f8a,及
884,e58aaa,努
885,e8b7b5,践
886,e89c97,蜗
887,e59b8d,囍
888,e6b08f,氏
889,e8bf87,过
890,e8bdbf,轿
891,e5908e,后
892,e5a589,奉
893,e69886,昆
894,e5ba93,库
895,e6a2a6,梦
896,e6bba1,满
897,e7aba5,童
898,e99d99,静
899,e4baae,亮
900,e5b281,岁
901,e9aa84,骄
902,e793a6,瓦
903,e58aa9,助
904,e982a3,那
905,e5aebe,宾
906,e9a5ae,饮
907,e7bb83,练
908,e7a7a4,秤
909,e6bca0,漠
910,e8a1a8,表
911,e7bcba,缺
912,e884b1,脱
913,e4be9b,供
914,e9a9b0,驰
915,e5b8bd,帽
916,e6858e,慎
917,e58bbf,勿
918,e89299,蒙
919,e5a194,塔
920,e78795,燕
921,e5a89c,娜
922,e68c96,挖
923,e7bcb4,缴
924,e5a597,套
925,e997b4,间
926,e8a180,血
927,e59296,咖
928,e5af93,寓
929,e5bda2,形
930,e785a7,照
931,e79bae,目
932,e585b3,关
933,e4bc8a,伊
934,e5a0b0,堰
935,e5a4ae,央
936,e6a79f,槟
937,e88a82,节
938,e697a6,旦
939,e99bb9,雹
940,e5a082,堂
941,e58ea2,厢
942,e794b3,申
943,e5889a,刚
944,e9aa91,骑
945,e590b9,吹
946,e69893,易
947,e98082,适
948,e68b86,拆
949,e88090,耐
950,e7bc9d,缝
951,e699af,景
952,e789a7,牧
953,e680a1,怡
954,e69d83,权
955,e59388,哈
956,e78caa,猪
957,e4b8b4,临
958,e59ba0,因
959,e5be92,徒
960,e69e9c,果
961,e4bbbb,任
962,e5838f,像
963,e794b7,男
964,e6a3b5,棵
965,e7b7b4,練
966,e5bea1,御
967,e58f97,受
968,e99bb6,零
969,e7ae80,简
970,e7bea9,義
971,e7868f,熏
972,e795b8,畸
973,e781af,灯
974,e9a1b9,项
975,e7a5a8,票
976,e58d95,单
977,e8818c,职
978,e7869f,熟
979,e6bdae,潮
980,e7b3bb,系
981,e8a1a5,补
982,e8be89,辉
983,e5a191,塑
984,e8b380,賀
985,e6b7ae,淮
986,e7aa9d,窝
987,e98089,选
988,e6a8aa,横
989,e69aa8,暨
990,e985bf,酿
991,e586b7,冷
992,e68a98,折
993,e6b5aa,浪
994,e5a48f,夏
995,e9a39f,食
996,e8b4ba,贺
997,e9929b,钛
998,e587a4,凤
999,e5bfb5,念
1000,e69797,旗
1001,e5bf85,必
1002,e7bf94,翔
1003,e591bd,命
1004,e68192,恒
1005,e985b7,酷
1006,e88c97,茗
1007,e6b593,浓
1008,e8b393,賓
1009,e59d9e,坞
1010,e5aa92,媒
1011,e986ab,醫
1012,e5b086,将
1013,e6ae96,殖
1014,e4b8b9,丹
1015,e69e84,构
1016,e5a58b,奋
1017,e9a1bf,顿
1018,e8bdb4,轴
1019,e59fa0,埠
1020,e6b6ae,涮
1021,e7bbad,续
1022,e5aea4,室
1023,e5bd92,归
1024,e9a284,预
1025,e5898a,削
1026,e6b7bb,添
1027,e99cb8,霸
1028,e7bc85,缅
1029,e8849a,脚
1030,e5a0a1,堡
1031,e6a39a,棚
1032,e89c9c,蜜
1033,e5aebd,宽
1034,e5b487,崇
1035,e6b29f,沟
1036,e8baab,身
1037,e998b4,阴
1038,e783ab,烫
1039,e9a1be,顾
1040,e69bb4,更
1041,e8b590,赐
1042,e99b95,雕
1043,e688b4,戴
1044,e68a8a,把
1045,e89384,蓄
1046,e4bb8e,从
1047,e59e82,垂
1048,e799bb,登
1049,e7a681,禁
1050,e595a6,啦
1051,e68a95,投
1052,e58699,写
1053,e8bebd,辽
1054,e592aa,咪
1055,e69fb4,柴
1056,e89282,蒂
1057,e68888,戈
1058,e8a2ad,袭
1059,e6b6a1,涡
1060,e8afba,诺
1061,e9a290,颐
1062,e598b4,嘴
1063,e68a93,抓
1064,e69e81,极
1065,e89995,處
1066,e68289,悉
1067,e98687,醇
1068,e4b88e,与
1069,e8858b,腋
1070,e4b99f,也
1071,e7999c,癜
1072,e78ebb,玻
1073,e5a687,妇
1074,e982a6,邦
1075,e992a3,钣
1076,e5bdb1,影
1077,e6af9b,毛
1078,e691a9,摩
1079,e7a096,砖
1080,e7bb98,绘
1081,e997af,闯
1082,e5a682,如
1083,e5908c,同
1084,e4ba86,了
1085,e6b1a1,污
1086,e5859a,党
1087,e8b581,赁
1088,e5ae8f,宏
1089,e8afb4,说
1090,e5ae9c,宜
1091,e5a0b5,堵
1092,e985b8,酸
1093,e5b18f,屏
1094,e58e8b,压
1095,e6bcab,漫
1096,e9b281,鲁
1097,e4bf83,促
1098,e6a08f,栏
1099,e68b8d,拍
1100,e7bb9f,统
1101,e99984,附
1102,e7b4a2,索
1103,e589aa,剪
1104,e9b98f,鹏
1105,e8909d,萝
1106,e68aa4,护
1107,e58f94,叔
1108,e9a9b4,驴
1109,e68bb1,拱
1110,e8a788,览
1111,e98092,递
1112,e8b58b,赋
1113,e9989c,阜
1114,e6b688,消
1115,e58099,候
1116,e5b89d,帝
1117,e6ada5,步
1118,e69dbe,松
1119,e5a794,委
1120,e4bfad,俭
1121,e78a87,犇
1122,e6b2ab,沫
1123,e5a79a,姚
1124,e58c85,包
1125,e6a98b,橋
1126,e58d96,卖
1127,e98081,送
1128,e790b4,琴
1129,e9b1bc,鱼
1130,e6a882,樂
1131,e6a097,栗
1132,e8859a,腚
1133,e99a9b,際
1134,e7bab3,纳
1135,e6ad8c,歌
1136,e88faf,華
1137,e8b49d,贝
1138,e8b08a,谊
1139,e69a91,暑
1140,e793b6,瓶
1141,e58b95,動
1142,e7a297,碗
1143,e5ad95,孕
1144,e6b189,汉
1145,e6b58b,测
1146,e69cab,末
1147,e7958c,界
1148,e89c80,蜀
1149,e997bb,闻
1150,e8999e,虞
1151,e6b9bf,湿
1152,e69c9b,望
1153,e699b4,晴
1154,e683b3,想
1155,e6b299,沙
1156,e693a6,擦
1157,e8b4b7,贷
1158,e59d8a,坊
1159,e79cb7,眷
1160,e5b7b7,巷
1161,e7bf85,翅
1162,e68081,态
1163,e6b4b2,洲
1164,e99a90,隐
1165,e5bca0,张
1166,e69db1,東
1167,e8aeb2,讲
1168,e7bab8,纸
1169,e8869c,膜
1170,e5ae88,守
1171,e58786,准
1172,e790b3,琳
1173,e8b49f,负
1174,e5afb9,对
1175,e68c87,指
1176,e5a9b4,婴
1177,e59d9a,坚
1178,e881a8,聨
1179,e9aa97,骗
1180,e589af,副
1181,e8afa2,询
1182,e5b09d,尝
1183,e8b4a3,责
1184,e99680,門
1185,e69699,料
1186,e4baad,亭
1187,e5ada9,孩
1188,e580aa,倪
1189,e7ac91,笑
1190,e88296,肖
1191,e590a7,吧
1192,e8aeb0,记
1193,e89795,藕
1194,e69eab,枫
1195,e6bf80,激
1196,e4b8a4,两
1197,e5b8ae,帮
1198,e5afba,寺
1199,e7bc96,编
1200,e6b69b,涛
1201,e582b2,傲
1202,e5b888,师
1203,e7ae97,算
1204,e6bb91,滑
1205,e4b8aa,个
1206,e7a59e,神
1207,e68ba9,择
1208,e78bb1,狱
1209,e89887,蘇
1210,e9a9ac,马
1211,e7baa4,纤
1212,e5ba95,底
1213,e5b091,少
1214,e8af91,译
1215,e59cbe,圾
1216,e5a8b1,娱
1217,e8afbe,课
1218,e78388,烈
1219,e5868d,再
1220,e5a5a5,奥
1221,e592a8,咨
1222,e7858c,煌
1223,e7b7a3,緣
1224,e7bdae,置
1225,e88bb9,苹
1226,e7aa81,突
1227,e599aa,噪
1228,e999aa,陪
1229,e6ada7,歧
1230,e982bb,邻
1231,e9ad94,魔
1232,e89e8d,融
1233,e8a395,裕
1234,e5878f,减
1235,e79da3,督
1236,e999a4,除
1237,e9ab99,髙
1238,e5a688,妈
1239,e6a59a,楚
1240,e6aca3,欣
1241,e59d9d,坝
1242,e7b2a4,粤
1243,e7bc86,缆
1244,e69982,時
1245,e796af,疯
1246,e4bb94,仔
1247,e68a9b,抛
1248,e69585,故
1249,e7bab1,纱
1250,e7bf9f,翟
1251,e4b98c,乌
1252,e8af95,试
1253,e68588,慈
1254,e4bbbf,仿
1255,e788b7,爷
1256,e68898,战
1257,e681af,息
1258,e58a9f,功
1259,e697ba,旺
1260,e6b58e,济
1261,e7959c,畜
1262,e8a681,要
1263,e79b98,盘
1264,e6aca0,欠
1265,e5b886,帆
1266,e6aeb5,段
1267,e8bea3,辣
1268,e8bc9d,輝
1269,e4bb91,仑
1270,e88b91,苑
1271,e5989f,嘟
1272,e79b8a,益
1273,e6adbb,死
1274,e7bbae,绮
1275,e58fb3,右
1276,e696af,斯
1277,e688b6,戶
1278,e6998b,晋
1279,e7a081,码
1280,e8b1a1,象
1281,e5a596,奖
1282,e7aa91,窑
1283,e6849b,愛
1284,e89a95,蚕
1285,e99a9c,障
1286,e69591,救
1287,e9a3af,飯
1288,e790aa,琪
1289,e882af,肯
1290,e588b9,刹
1291,e6b283,沃
1292,e7bc93,缓
1293,e99ba8,雨
1294,e8999f,號
1295,e58faa,只
1296,e7abaf,端
1297,e6849f,感
1298,e6b5a6,浦
1299,e58591,兑
1300,e88fb2,菲
1301,e9939c,铜
1302,e9b8a3,鸣
1303,e5bea9,復
1304,e7bd97,罗
1305,e7bbbd,绽
1306,e794ab,甫
1307,e6a48d,植
1308,e7adb9,筹
1309,e5ae85,宅
1310,e695b4,整
1311,e58db3,即
1312,e590ac,听
1313,e88eb2,莲
1314,e68b9c,拜
1315,e5ae9b,宛
1316,e9809b,逛
1317,e799bc,發
1318,e585a7,內
1319,e68f8f,描
1320,e59c92,園
1321,e8b09b,谛
1322,e78cab,猫
1323,e6b6b2,液
1324,e5bba3,廣
1325,e5b8ad,席
1326,e9a298,题
1327,e58da2,卢
1328,e8aa89,誉
1329,e9b28d,鲍
1330,e6aebf,殿
1331,e7939c,瓜
1332,e8b29d,貝
1333,e697a9,早
1334,e7bfbc,翼
1335,e9aa8c,验
1336,e6b0a3,氣
1337,e796be,疾
1338,e68ab1,抱
1339,e586b2,冲
1340,e682a3,患
1341,e7b181,籁
1342,e89a82,蚂
1343,e6a88a,樊
1344,e7b2b1,粱
1345,e4bd8d,位
1346,e6b6a7,涧
1347,e58cbe,匾
1348,e689a6,扦
1349,e8bdaf,软
1350,e68f92,插
1351,e794b2,甲
1352,e7bf92,習
1353,e4b881,丁
1354,e7bd90,罐
1355,e694af,支
1356,e886b3,膳
1357,e69c9d,朝
1358,e88db7,荷
1359,e6beb3,澳
1360,e9968b,開
1361,e4bcbd,伽
1362,e5ae8b,宋
1363,e7848a,焊
1364,e5ad9a,孚
1365,e5b9bb,幻
1366,e59188,呈
1367,e69eb6,架
1368,e8b596,赖
1369,e78f8a,珊
1370,e5ad94,孔
1371,e699a8,晨
1372,e99bb2,雲
1373,e594a4,唤
1374,e7ac94,笔
1375,e7a792,秒
1376,e79dbf,睿
1377,e68b8c,拌
1378,e68c82,挂
1379,e8a3b1,裱
1380,e4bbbd,份
1381,e5888a,刊
1382,e5a5a2,奢
1383,e5a285,墅
1384,e6b393,泓
1385,e58585,充
1386,e5beae,微
1387,e59d9b,坛
1388,e7baa0,纠
1389,e78cae,献
1390,e8978f,藏
1391,e58da4,卤
1392,e5a5a0,奠
1393,e58f98,变
1394,e586ac,冬
1395,e6a9b1,橱
1396,e88fb1,菱
1397,e69db7,杷
1398,e4bdb0,佰
1399,e7bb86,细
1400,e79599,留
1401,e6bdad,潭
1402,e5a1b2,塲
1403,e5a78b,始
1404,e59c9c,圜
1405,e5aeaa,宪
1406,e79b97,盗
1407,e6a186,框
1408,e6b798,淘
1409,e697b7,旷
1410,e68896,或
1411,e789b5,牵
1412,e5a587,奇
1413,e7a2b3,碳
1414,e5bc93,弓
1415,e58d88,午
1416,e794b1,由
1417,e4bea5,侥
1418,e5a4aa,太
1419,e99894,阔
1420,e68488,愈
1421,e682a6,悦
1422,e5a487,备
1423,e993b8,铸
1424,e79a87,皇
1425,e6be8e,澎
1426,e79b88,盈
1427,e78e96,玖
1428,e68d9e,捞
1429,e69f93,染
1430,e99980,陀
1431,e58092,倒
1432,e5ba8f,序
1433,e8a1ab,衫
1434,e99fb5,韵
1435,e5b096,尖
1436,e4bdbf,使
1437,e7bc87,缇
1438,e59daa,坪
1439,e59c88,圈
1440,e8b7a8,跨
1441,e6b5ae,浮
1442,e7a39a,磚
1443,e58d89,卉
1444,e5bfa7,忧
1445,e58892,划
1446,e6b5a9,浩
1447,e6a2af,梯
1448,e58789,凉
1449,e5878c,凌
1450,e79686,疆
1451,e9b9ad,鹭
1452,e9bb8f,黏
1453,e4bcaf,伯
1454,e99bb7,雷
1455,e6b89d,渝
1456,e8a7a3,解
1457,e78999,牙
1458,e89d8e,蝎
1459,e7b4a1,紡
1460,e9a5a8,饨
1461,e5a381,壁
1462,e588ab,别
1463,e69f94,柔
1464,e882a5,肥
1465,e8bda8,轨
1466,e58ab2,劲
1467,e8a1ac,衬
1468,e7bebd,羽
1469,e889ae,艮
1470,e69c97,朗
1471,e594b1,唱
1472,e7aa96,窖
1473,e981b5,遵
1474,e5ba90,庐
1475,e88d8a,荊
1476,e8beb0,辰
1477,e79a8b,皋
1478,e5b7ae,差
1479,e7a381,磁
1480,e989b4,鉴
1481,e69697,斗
1482,e88c85,茅
1483,e79b90,盐
1484,e5bcaf,弯
1485,e9b8a1,鸡
1486,e79197,瑗
1487,e8b0a8,谨
1488,e8808c,而
1489,e5af9f,察
1490,e6838a,惊
1491,e681aa,恪
1492,e792a8,璨
1493,e79bb1,盱
1494,e993ad,铭
1495,e587bb,击
1496,e6b38a,泊
1497,e9b9b0,鹰
1498,e689bf,承
1499,e8838c,背
1500,e6bbb4,滴
1501,e5be8b,律
1502,e68bb7,拷
1503,e8be93,输
1504,e585b6,其
1505,e5a881,威
1506,e5a790,姐
1507,e4bea7,侧
1508,e69d8e,李
1509,e4bf84,俄
1510,e598bf,嘿
1511,e89493,蔓
1512,e8bf9d,违
1513,e5ba99,庙
1514,e898ad,蘭
1515,e7ac8b,笋
1516,e88887,與
1517,e88ab3,芳
1518,e6a191,桑
1519,e6b180,汀
1520,e890b1,萱
1521,e582a8,储
1522,e4bb98,付
1523,e6ada6,武
1524,e7bb97,绗
1525,e79c9f,真
1526,e8afaf,误
1527,e8bb8a,車
1528,e8af84,评
1529,e698a0,映
1530,e980b8,逸
1531,e58f89,叉
1532,e98baa,鋪
1533,e7aaa8,窨
1534,e99c80,需
1535,e9b8bf,鸿
1536,e8a8ad,設
1537,e6a8b1,樱
1538,e5bdb9,役
1539,e7bb93,结
1540,e88482,脂
1541,e88594,腔
1542,e4bfb1,俱
1543,e8beb2,農
1544,e4bb8a,今
1545,e8a792,角
1546,e7a082,砂
1547,e78496,焖
1548,e4ba89,争
1549,e6be9c,澜
1550,e589a7,剧
1551,e78b90,狐
1552,e8a1b0,衰
1553,e7a2a7,碧
1554,e586a0,冠
1555,e7bb84,组
1556,e5afa8,寨
1557,e9aa8a,骊
1558,e7a9b6,究
1559,e888b9,船
1560,e69bbc,曼
1561,e88085,者
1562,e5bcb9,弹
1563,e9a086,順
1564,e7adbe,签
1565,e5bebd,徽
1566,e9bc93,鼓
1567,e5a0a4,堤
1568,e982aa,邪
1569,e9be8d,龍
1570,e587a1,凡
1571,e88491,脑
1572,e8a898,記
1573,e8889f,舟
1574,e89db6,蝶
1575,e4bbaa,仪
1576,e5b88c,希
1577,e5a898,娘
1578,e6a3ae,森
1579,e89684,薄
1580,e69b99,曙
1581,e4bc9f,伟
1582,e7bc94,缔
1583,e781bf,灿
1584,e6b4aa,洪
1585,e7a6bb,离
1586,e5bc97,弗
1587,e68788,懈
1588,e7b18d,籍
1589,e98a80,銀
1590,e68fad,揭
1591,e99fa9,韩
1592,e4beaf,侯
1593,e588b0,到
1594,e5a6ae,妮
1595,e7a798,秘
1596,e883b6,胶
1597,e69d82,杂
1598,e8b4a4,贤
1599,e8b2a1,財
1600,e79b9f,盟
1601,e995b7,長
1602,e897a4,藤
1603,e98692,醒
1604,e6938e,擎
1605,e7a094,研
1606,e7bca4,缤
1607,e5ae98,官
1608,e6b2bf,沿
1609,e89eba,螺
1610,e785b2,煲
1611,e5b0a7,尧
1612,e580ac,倬
1613,e797a7,痧
1614,e5bd95,录
1615,e6af92,毒
1616,e8aeba,论
1617,e68a84,抄
1618,e6bb8b,滋
1619,e680a5,急
1620,e99b99,雙
1621,e6a3a0,棠
1622,e7b396,糖
1623,e58ebb,去
1624,e78b82,狂
1625,e88196,聖
1626,e8b5a2,赢
1627,e894ac,蔬
1628,e6b587,浇
1629,e997b8,闸
1630,e6bd98,潘
1631,e6bf9b,濛
1632,e9a281,颁
1633,e68eaa,措
1634,e68b93,拓
1635,e587b0,凰
1636,e88d9e,荞
1637,e88b97,苗
1638,e68d9f,损
1639,e994ae,键
1640,e5afb6,寶
1641,e8b4a1,贡
1642,e4bea8,侨
1643,e58fb6,叶
1644,e8aa9e,語
1645,e6b1a4,汤
1646,e9a29c,颜
1647,e8939f,蓟
1648,e88dab,荫
1649,e58285,傅
1650,e9a29d,额
1651,e7a291,碑
1652,e8839e,胞
1653,e7a7a9,秩
1654,e7b2ae,粮
1655,e89a9d,蚝
1656,e692ad,播
1657,e682ac,悬
1658,e99b80,雀
1659,e6bba9,滩
1660,e890bd,落
1661,e8aebc,讼
1662,e4bd91,佑
1663,e985a5,酥
1664,e595a4,啤
1665,e9a68d,馍
1666,e690ba,携
1667,e8be88,辈
1668,e882a0,肠
1669,e5b785,巅
1670,e6a3ba,棺
1671,e6a182,桂
1672,e6b484,洄
1673,e88f93,菓
1674,e58b87,勇
1675,e8888d,舍
1676,e794a3,産
1677,e882a9,肩
1678,e9a398,飘
1679,e58f88,又
1680,e8aaa1,誡
1681,e7a185,硅
1682,e999b3,陳
1683,e7b0be,簾
1684,e99a8d,隍
1685,e99482,锂
1686,e78e87,率
1687,e891a3,董
1688,e885bb,腻
1689,e78987,片
1690,e882bd,肽
1691,e58fb2,史
1692,e98ca2,錢
1693,e4bcb4,伴
1694,e6ae8b,残
1695,e980be,逾
1696,e8b6a3,趣
1697,e88e85,莅
1698,e4baa8,亨
1699,e78b97,狗
1700,e6bd9c,潜
1701,e69781,旁
1702,e58fa0,叠
1703,e8b8a9,踩
1704,e79280,璀
1705,e895ad,蕭
1706,e6a7bd,槽
1707,e992b0,钰
1708,e997ad,闭
1709,e5ab82,嫂
1710,e983a1,郡
1711,e88a99,芙
1712,e99383,铃
1713,e997ae,问
1714,e5b1b9,屹
1715,e899be,虾
1716,e79bbe,盾
1717,e9a0ad,頭
1718,e79785,病
1719,e78bac,独
1720,e58d80,區
1721,e6999f,晟
1722,e59d97,块
1723,e99c9e,霞
1724,e593aa,哪
1725,e7b289,粉
1726,e6b1a0,池
1727,e8b59a,赚
1728,e580be,倾
1729,e5be80,往
1730,e790a8,琨
1731,e7a8bb,稻
1732,e6818b,恋
1733,e8af97,诗
1734,e685a7,慧
1735,e78e84,玄
1736,e58e86,历
1737,e790a6,琦
1738,e8a893,訓
1739,e8858a,腊
1740,e69d9c,杜
1741,e580a6,倦
1742,e588b7,刷
1743,e4b8b8,丸
1744,e6a684,榄
1745,e8be8b,辋
1746,e992a5,钥
1747,e99bbb,電
1748,e5bf97,志
1749,e4bd95,何
1750,e9ab93,髓
1751,e88b94,苔
1752,e5bc9f,弟
1753,e58fae,叮
1754,e994b2,锲
1755,e69691,斑
1756,e7b0a7,簧
1757,e582b7,傷
1758,e58b92,勒
1759,e78f91,珑
1760,e6968b,斋
1761,e58da7,卧
1762,e999b5,陵
1763,e7bab6,纶
1764,e7af87,篇
1765,e58eb0,厰
1766,e896b9,薹
1767,e5b3b6,島
1768,e88e93,莓
1769,e7bbb8,绸
1770,e89fb9,蟹
1771,e6a682,概
1772,e7a7a6,秦
1773,e5afb3,寳
1774,e6978f,族
1775,e99490,锐
1776,e6a893,樓
1777,e7a7af,积
1778,e5aeb8,宸
1779,e5859c,兜
1780,e68bbf,拿
1781,e6aea1,殡
1782,e6a2a8,梨
1783,e69d86,杆
1784,e8b0b7,谷
1785,e7958f,畏
1786,e79a86,皆
1787,e8b1ab,豫
1788,e78699,熙
1789,e5bda4,彤
1790,e8bf94,返
1791,e98187,遇
1792,e5a884,娄
1793,e8bdbb,轻
1794,e7949c,甜
1795,e4bcb0,估
1796,e68bb3,拳
1797,e88cb8,茸
1798,e588ba,刺
1799,e8b0ad,谭
1800,e5af92,寒
1801,e894a1,蔡
1802,e78495,焕
1803,e586b5,况
1804,e9b8bd,鸽
1805,e69f8f,柏
1806,e8bf91,近
1807,e5a9b5,婵
1808,e692bc,撼
1809,e8afb1,诱
1810,e99b8d,雍
1811,e6a6a8,榨
1812,e781b8,灸
1813,e7a9bf,穿
1814,e69ea3,枣
1815,e592b1,咱
1816,e5b7a7,巧
1817,e58592,兒
1818,e586b3,决
1819,e784a6,焦
1820,e7b297,粗
1821,e6b0a7,氧
1822,e4be9d,依
1823,e58982,剂
1824,e5bbb3,廳
1825,e58ca1,匡
1826,e8828c,肌
1827,e7bfa0,翠
1828,e6b585,浅
1829,e7abad,竭
1830,e890a8,萨
1831,e590ab,含
1832,e7b485,紅
1833,e6b1aa,汪
1834,e5b7ab,巫
1835,e592b8,咸
1836,e5b7b1,己
1837,e586b6,冶
1838,e6b38c,泌
1839,e69a89,暉
1840,e78c9b,猛
1841,e6a48e,椎
1842,e7859c,煜
1843,e9ad82,魂
1844,e887bb,臻
1845,e69d80,杀
1846,e7bd84,罄
1847,e6b7b3,淳
1848,e9abae,髮
1849,e7bfb0,翰
1850,e68c9a,挚
1851,e4bca4,伤
1852,e5be88,很
1853,e68fb4,援
1854,e7babd,纽
1855,e8b791,跑
1856,e7be85,羅
1857,e78098,瀘
1858,e79da1,睡
1859,e98280,邀
1860,e781b6,灶
1861,e6ada4,此
1862,e88f8c,菌
1863,e4bfb6,俶
1864,e698be,显
1865,e699b6,晶
1866,e58883,刃
1867,e5ba9f,废
1868,e593b2,哲
1869,e68095,怕
1870,e98291,邑
1871,e68ca5,挥
1872,e697a7,旧
1873,e88aaf,芯
1874,e695a3,散
1875,e684bf,愿
1876,e890bc,萼
1877,e6a2a7,梧
1878,e6b586,浆
1879,e8b58f,赏
1880,e5868c,册
1881,e58f81,叁
1882,e8b2b4,貴
1883,e890ac,萬
1884,e5be81,征
1885,e9baba,麺
1886,e6bc82,漂
1887,e7a5b8,祸
1888,e785a4,煤
1889,e5b9bd,幽
1890,e78783,燃
1891,e782ab,炫
1892,e9aeae,鮮
1893,e88e8e,莎
1894,e88396,胖
1895,e6a183,桃
1896,e58991,剑
1897,e6b4a5,津
1898,e7ad9b,筛
1899,e5afbb,寻
1900,e6a5bd,楽
1901,e893ac,蓬
1902,e682a0,悠
1903,e5bb96,廖
1904,e79eb3,瞳
1905,e4b8a7,丧
1906,e7bea4,群
1907,e88489,脉
1908,e4ba8f,亏
1909,e59097,吗
1910,e593a5,哥
1911,e899ab,虫
1912,e7ab9e,竞
1913,e79089,琉
1914,e6a89e,樞
1915,e5b2a9,岩
1916,e89ca1,蜡
1917,e798a4,瘤
1918,e99abe,难
1919,e5bb89,廉
1920,e8b594,赔
1921,e89a81,蚁
1922,e7bd9a,罚
1923,e79fbf,矿
1924,e785ae,煮
1925,e885a9,腩
1926,e695a6,敦
1927,e5b58a,嵊
1928,e788ac,爬
1929,e6b3aa,泪
1930,e4b8ab,丫
1931,e4b998,乘
1932,e8a781,见
1933,e6ba9d,溝
1934,e88486,脆
1935,e5ad9d,孝
1936,e8a789,觉
1937,e7acbc,笼
1938,e58391,僑
1939,e6a4b0,椰
1940,e88987,艇
1941,e59d87,均
1942,e5afb8,寸
1943,e6a389,棉
1944,e68994,扔
1945,e8aeae,议
1946,e8b988,蹈
1947,e78499,焙
1948,e984ad,鄭
1949,e6b39b,泛
1950,e6888f,戏
1951,e8888c,舌
1952,e58caf,匯
1953,e78eab,玫
1954,e69380,擀
1955,e89189,葉
1956,e892b8,蒸
1957,e4bfaf,俯
1958,e8b79f,跟
1959,e6a0aa,株
1960,e9ad9a,魚
1961,e8af89,诉
1962,e9b89f,鸟
1963,e88eb7,获
1964,e7bb9a,绚
1965,e99995,陕
1966,e69996,晖
1967,e791b0,瑰
1968,e5bbb6,延
1969,e7979b,痛
1970,e6bcbe,漾
1971,e5aea1,审
1972,e79c89,眉
1973,e4bb85,仅
1974,e79199,瑙
1975,e585b5,兵
1976,e4bb96,他
1977,e5a786,姆
1978,e88ca8,茨
1979,e79bb2,盲
1980,e9a692,馒
1981,e696a4,斤
1982,e6b99b,湛
1983,e79b92,盒
1984,e98094,途
1985,e5a086,堆
1986,e889b3,艳
1987,e7baac,纬
1988,e8ae8a,變
1989,e58586,兆
1990,e789a2,牢
1991,e78bbc,狼
1992,e99cb2,露
1993,e88aad,芭
1994,e88baf,苯
1995,e4be86,來
1996,e8b088,谈
1997,e58ab1,励
1998,e6b290,沐
1999,e78bae,狮
2000,e69daf,杯
2001,e4be97,侗
2002,e892b2,蒲
2003,e9a68b,馋
2004,e5a68a,妊
2005,e5be90,徐
2006,e686b6,憶
2007,e88a9c,芜
2008,e7bb88,终
2009,e784a1,無
2010,e58c99,匙
2011,e6b3b3,泳
2012,e68ea2,探
2013,e7a4ab,礫
2014,e9838a,郊
2015,e7bb99,给
2016,e68391,惑
2017,e5afb0,寰
2018,e7ad8b,筋
2019,e9a39b,飛
2020,e6a3b0,棰
2021,e8aaa0,誠
2022,e69480,攀
2023,e59da6,坦
2024,e6b7b7,混
2025,e4b999,乙
2026,e58e9a,厚
2027,e881b2,聲
2028,e68b87,拇
2029,e8aeb8,许
2030,e7bda9,罩
2031,e9808f,透
2032,e999bd,陽
2033,e5bdb0,彰
2034,e7968f,疏
2035,e68aa2,抢
2036,e68bac,括
2037,e9a685,馅
2038,e8999a,虚
2039,e88c8f,茏
2040,e8b081,谁
2041,e99986,陆
2042,e69da8,杨
2043,e8bf99,这
2044,e5b081,封
2045,e98bbc,鋼
2046,e8ac9d,謝
2047,e6999a,晚
2048,e9a39a,飚
2049,e593a6,哦
2050,e7bab9,纹
2051,e59bba,固
2052,e69198,摘
2053,e6929e,撞
2054,e88083,考
2055,e8b282,貂
2056,e896aa,薪
2057,e79eac,瞬
2058,e9b2a4,鲤
2059,e982b8,邸
2060,e792a7,璧
2061,e5b985,幅
2062,e8af88,诈
2063,e690ad,搭
2064,e5b881,币
2065,e59090,吐
2066,e98391,郑
2067,e88380,胀
2068,e59190,呐
2069,e7a28d,碍
2070,e88496,脖
2071,e6b682,涂
2072,e58594,兔
2073,e58abf,势
2074,e6ad89,歉
2075,e891a1,葡
2076,e79d80,着
2077,e595ab,啫
2078,e7ae82,箂
2079,e6b5a3,浣
2080,e5b89c,帜
2081,e6b099,氙
2082,e4bd99,余
2083,e5ab8c,嫌
2084,e9ad85,魅
2085,e689b0,扰
2086,e99da1,靡
2087,e7baaf,纯
2088,e592af,咯
2089,e5ae8c,完
2090,e9ba9f,麟
2091,e696ad,断
2092,e89b99,蛙
2093,e689a3,扣
2094,e6b78b,淋
2095,e5a398,壘
2096,e695a2,敢
2097,e68b96,拖
2098,e99a94,隔
2099,e8be9b,辛
2100,e5a495,夕
2101,e993ac,铬
2102,e8829d,肝
2103,e7ad9d,筝
2104,e9948b,锋
2105,e6b6a8,涨
2106,e6958f,敏
2107,e6a293,梓
2108,e58484,億
2109,e98197,遗
2110,e985b1,酱
2111,e58492,儒
2112,e899bd,虽
2113,e7b6ad,維
2114,e8bab2,躲
2115,e8b3a2,賢
2116,e7a1ac,硬
2117,e9a9bb,驻
2118,e58a88,劈
2119,e8b1b9,豹
2120,e8a381,裁
2121,e5be84,径
2122,e59689,喉
2123,e7828e,炎
2124,e9bb8e,黎
2125,e58fac,召
2126,e692ae,撮
2127,e6b2a5,沥
2128,e9818d,遍
2129,e68e80,掀
2130,e7a1ae,确
2131,e88391,胑
2132,e6839f,惟
2133,e8b8aa,踪
2134,e5bca7,弧
2135,e8bb8d,軍
2136,e5b48b,崋
2137,e794a2,產
2138,e78398,烘
2139,e79699,疙
2140,e4bcbc,似
2141,e6a281,梁
2142,e796bc,疼
2143,e782ac,炬
2144,e6b787,淇
2145,e781a1,灡
2146,e78382,烂
2147,e5aeb3,害
2148,e8979d,藝
2149,e9a4a8,館
2150,e4bf8a,俊
2151,e58299,備
2152,e6988a,昊
2153,e99a8f,随
2154,e9808a,逊
2155,e5a4a2,夢
2156,e9b3af,鳯
2157,e88095,耕
2158,e99d96,靖
2159,e5b7a2,巢
2160,e891ac,葬
2161,e9aa8f,骏
2162,e68792,懒
2163,e591b5,呵
2164,e4b9b3,乳
2165,e68987,扇
2166,e6af8d,母
2167,e9998d,降
2168,e589b2,割
2169,e59d8f,坏
2170,e6a188,案
2171,e697ae,旮
2172,e782b8,炸
2173,e98381,郁
2174,e78ab9,犹
2175,e5a6b9,妹
2176,e5b2b3,岳
2177,e98689,醉
2178,e6a1b7,桷
2179,e5b0a4,尤
2180,e69f84,柄
2181,e8b78c,跌
2182,e6a395,棕
2183,e88898,舘
2184,e6a190,桐
2185,e6af81,毁
2186,e6b89a,渚
2187,e68e98,掘
2188,e68b90,拐
2189,e79cba,眺
2190,e69ea2,枢
2191,e6889b,戛
2192,e89b8b,蛋
2193,e980a3,連
2194,e9b68f,鶏
2195,e8a1a2,衢
2196,e68080,怀
2197,e5bda7,彧
2198,e5a79c,姜
2199,e8a880,言
2200,e68d8d,捍
2201,e5b7be,巾
2202,e7a5ba,祺
2203,e8a29c,袜
2204,e587bd,函
2205,e6b791,淑
2206,e5aea0,宠
2207,e9b9bf,鹿
2208,e78eba,玺
2209,e79290,璐
2210,e4baa6,亦
2211,e78ab6,状
2212,e79fab,矫
2213,e5bdbb,彻
2214,e9949a,锚
2215,e5bf86,忆
2216,e58da0,占
2217,e7bfa1,翡
2218,e88590,腐
2219,e9a48a,養
2220,e5b0b9,尹
2221,e7b395,糕
2222,e591a2,呢
2223,e68991,扑
2224,e5808d,倍
2225,e6b983,湃
2226,e5bbb7,廷
2227,e79c99,眙
2228,e89f91,蟑
2229,e897a9,藩
2230,e5b29a,岚
2231,e8be83,较
2232,e689a9,扩
2233,e4bf8f,俏
2234,e6a5a0,楠
2235,e980b2,進
2236,e99293,钓
2237,e8a281,袁
2238,e69596,敖
2239,e8889c,舜
2240,e5a0b1,報
2241,e983ad,郭
2242,e4b988,么
2243,e89083,萃
2244,e788aa,爪
2245,e78289,炉
2246,e6bc95,漕
2247,e7a685,禅
2248,e69cb5,朵
2249,e9b3a5,鳥
2250,e69993,晓
2251,e7a588,祈
2252,e68b85,担
2253,e8bfb7,迷
2254,e7a8ae,種
2255,e78f80,珀
2256,e89b9b,蛛
2257,e78c8e,猎
2258,e999a1,陡
2259,e58581,允
2260,e8a193,術
2261,e69e9d,枝
2262,e788b2,爲
2263,e79b8f,盏
2264,e997bd,闽
2265,e5b9a2,幢
2266,e78aac,犬
2267,e699be,晾
2268,e8b0a6,谦
2269,e994a1,锡
2270,e9a684,馄
2271,e69c83,會
2272,e99580,镀
2273,e6bc8f,漏
2274,e980bb,逻
2275,e794a9,甩
2276,e7929f,璟
2277,e58ab5,劵
2278,e689b6,扶
2279,e6b195,汕
2280,e88aa6,芦
2281,e9929e,钞
2282,e5bb88,廈
2283,e58688,冈
2284,e791b6,瑶
2285,e99597,镗
2286,e980a2,逢
2287,e590a8,吨
2288,e680a0,怠
2289,e585bd,兽
2290,e9a88f,騏
2291,e5beaa,循
2292,e8a296,袖
2293,e99d93,靓
2294,e7868a,熊
2295,e7bd95,罕
2296,e7b981,繁
2297,e8b88f,踏
2298,e582bb,傻
2299,e8be96,辖
2300,e4bc8f,伏
2301,e5a686,妆
2302,e5b098,尘
2303,e68fbd,揽
2304,e8bb9f,軟
2305,e7aead,箭
2306,e7a88e,税
2307,e99db4,靴
2308,e7929c,璜
2309,e6be88,澈
2310,e5b1bf,屿
2311,e68c91,挑
2312,e7a0be,砾
2313,e6b1be,汾
2314,e69ebc,枼
2315,e5afa6,實
2316,e5a797,姗
2317,e7858e,煎
2318,e8bb92,軒
2319,e7818c,灌
2320,e6bb99,滙
2321,e692a4,撤
2322,e88da1,荡
2323,e795a5,略
2324,e5a9b7,婷
2325,e6839c,惜
2326,e996a3,閣
2327,e9abaa,髪
2328,e9a1b5,页
2329,e69085,搅
2330,e4bd90,佐
2331,e7bab5,纵
2332,e5a3b3,壳
2333,e6baaf,溯
2334,e6b19b,汛
2335,e4bcaa,伪
2336,e4bb80,什
2337,e7a8b3,稳
2338,e99885,阅
2339,e997b9,闹
2340,e787a5,燥
2341,e98293,邓
2342,e8ad9c,譜
2343,e7b6b2,網
2344,e794b8,甸
2345,e58d94,協
2346,e7bab7,纷
2347,e4bea3,侣
2348,e9a399,飙
2349,e78299,炙
2350,e59095,吕
2351,e6b8a1,渡
2352,e6a6bb,榻
2353,e590a6,否
2354,e997b5,闵
2355,e89c82,蜂
2356,e5a5b4,奴
2357,e788bd,爽
2358,e9a1bb,须
2359,e8908d,萍
2360,e790a2,琢
2361,e8a888,計
2362,e7aa84,窄
2363,e4bbb2,仲
2364,e9b3b3,鳳
2365,e5b895,帕
2366,e997b7,闷
2367,e6bd87,潇
2368,e4bbb0,仰
2369,e590b3,吳
2370,e8b5b5,赵
2371,e88a92,芒
2372,e5a591,契
2373,e992a0,钠
2374,e6af85,毅
2375,e888ac,般
2376,e58fa6,另
2377,e8a3b9,裹
2378,e8beb1,辱
2379,e98194,達
2380,e9a6ac,馬
2381,e88c84,茄
2382,e6b59c,浜
2383,e788b8,爸
2384,e6a984,橄
2385,e69eaf,枯
2386,e6b6b5,涵
2387,e69a84,暄
2388,e98ca6,錦
2389,e59c96,圖
2390,e98eae,鎮
2391,e697a8,旨
2392,e880bb,耻
2393,e797b9,痹
2394,e8b4a6,账
2395,e8998e,虎
2396,e98080,退
2397,e5a8b2,娲
2398,e5b78d,巍
2399,e5a293,墓
2400,e781be,灾
2401,e58b9f,募
2402,e9b9ab,鹫
2403,e7b5b1,統
2404,e7a180,础
2405,e791aa,瑪
2406,e9818b,運
2407,e5adb8,學
2408,e79498,甘
2409,e69cb1,朱
2410,e8a6aa,親
2411,e6b197,汗
2412,e6a1a8,桨
2413,e788b6,父
2414,e58692,冒
2415,e68ab9,抹
2416,e69887,昇
2417,e985ac,酬
2418,e992a7,钧
2419,e58689,冉
2420,e6af95,毕
2421,e79594,畔
2422,e5a68d,妍
2423,e9bb98,默
2424,e8aa93,誓
2425,e4b899,丙
2426,e4b8b6,丶
2427,e891b1,葱
2428,e883b8,胸
2429,e5aab2,媲
2430,e7b7a9,緩
2431,e7be9e,羞
2432,e588ae,刮
2433,e79ea9,瞩
2434,e59cb3,圳
2435,e5a89f,娟
2436,e5a6a5,妥
2437,e4b994,乔
2438,e8a2ab,被
2439,e8b984,蹄
2440,e6a398,棘
2441,e88182,聂
2442,e88ba5,若
2443,e9ab94,體
2444,e7a9a9,穩
2445,e88f8a,菊
2446,e58cb9,匹
2447,e8bfa6,迦
2448,e58b9e,勞
2449,e5b9b6,并
2450,e7a29f,碟
2451,e7af89,築
2452,e8af82,诂
2453,e5bb8a,廊
2454,e7a2bc,碼
2455,e8b085,谅
2456,e6a4bf,椿
2457,e5879d,凝
2458,e6bb9a,滚
2459,e9a5b6,饶
2460,e5bab8,庸
2461,e5a3b6,壶
2462,e6978b,旋
2463,e78c95,猕
2464,e5a4ba,夺
2465,e8afa6,详
2466,e99691,閑
2467,e5b3a1,峡
2468,e7bfbb,翻
2469,e98090,逐
2470,e981a5,遥
2471,e6bc81,漁
2472,e69bbf,替
2473,e99d9c,靜
2474,e9b985,鹅
2475,e6a59e,楞
2476,e6a085,栅
2477,e6b3bc,泼
2478,e8818a,聊
2479,e697ad,旭
2480,e79ebb,瞻
2481,e593ba,哺
2482,e781bc,灼
2483,e8b28c,貌
2484,e6b4b1,洱
2485,e9bca0,鼠
2486,e9b2a2,鲢
2487,e9a9bd,驽
2488,e9a688,馈
2489,e58899,则
2490,e982ba,邺
2491,e6b49e,洞
2492,e8a686,覆
2493,e9838e,郎
2494,e98789,釉
2495,e98482,鄂
2496,e9a9bf,驿
2497,e5aeae,宮
2498,e79795,痕
2499,e783af,烯
2500,e6b6a4,涤
2501,e89084,萄
2502,e6afab,毫
2503,e897a5,藥
2504,e981ae,遮
2505,e6a9a1,橡
2506,e8a584,襄
2507,e8afa5,该
2508,e99da9,革
2509,e7bfb1,翱
2510,e6b9af,湯
2511,e99aa8,隨
2512,e6a093,栓
2513,e5a2a9,墩
2514,e7a6b9,禹
2515,e9948c,锌
2516,e798aa,瘪
2517,e69d8f,杏
2518,e8b5a0,赠
2519,e7b5a6,給
2520,e88286,肆
2521,e5b8ab,師
2522,e8b4b0,贰
2523,e7a6ae,禮
2524,e7a385,磅
2525,e795aa,番
2526,e69ab4,暴
2527,e6a999,橙
2528,e7bbb3,绳
2529,e7bdb9,罹
2530,e8a3a4,裤
2531,e786ac,熬
2532,e99693,間
2533,e8a398,裘
2534,e79b85,盅
2535,e7aca6,符
2536,e7829d,炝
2537,e6b592,浒
2538,e8a28b,袋
2539,e9ba97,麗
2540,e9929c,钜
2541,e8928b,蒋
2542,e59e83,垃
2543,e6bca2,漢
2544,e58680,冀
2545,e6a69c,榜
2546,e69292,撒
2547,e6a790,槐
2548,e698a8,昨
2549,e6a8a8,樨
2550,e5b0ba,尺
2551,e6adb4,歴
2552,e6b8a4,渤
2553,e6b897,渗
2554,e8829b,肛
2555,e685b6,慶
2556,e9bb9e,點
2557,e89a8c,蚌
2558,e79b86,盆
2559,e7bba7,继
2560,e4b9be,乾
2561,e88fa9,菩
2562,e6be90,澐
2563,e6a99f,機
2564,e88ba6,苦
2565,e6a793,槓
2566,e9ba93,麓
2567,e5bcb1,弱
2568,e7ab9f,竟
2569,e5a58f,奏
2570,e58b99,務
2571,e69187,摇
2572,e8b2a8,貨
2573,e9a081,頁
2574,e6b0af,氯
2575,e6b28c,沌
2576,e895be,蕾
2577,e4bcb8,伸
2578,e5bca5,弥
2579,e7bc8e,缎
2580,e59aa3,嚣
2581,e6b09b,氛
2582,e8919b,葛
2583,e89fa0,蟠
2584,e9b4bb,鴻
2585,e5a0b4,場
2586,e587b1,凱
2587,e896ac,薬
2588,e6a1b6,桶
2589,e8bcaa,輪
2590,e781ad,灭
2591,e5a19e,塞
2592,e88abd,芽
2593,e8858c,腌
2594,e9aa86,骆
2595,e8b4aa,贪
2596,e5a885,娅
2597,e5ada2,孢
2598,e58c80,匀
2599,e8b0b1,谱
2600,e6b288,沈
2601,e89b87,蛇
2602,e58bbe,勾
2603,e4b9b1,乱
2604,e98ab7,銷
2605,e894bb,蔻
2606,e79dab,睫
2607,e88298,肘
2608,e6b8a0,渠
2609,e9b797,鷗
2610,e689b3,扳
2611,e9aa85,骅
2612,e59295,咕
2613,e6adb9,歹
2614,e5bc88,弈
2615,e58b8b,勋
2616,e595a5,啥
2617,e5bc82,异
2618,e5979c,嗜
2619,e8bfb9,迹
2620,e992b2,钲
2621,e980b9,逹
2622,e79a99,皙
2623,e6b0a1,氡
2624,e69cbd,朽
2625,e79a93,皓
2626,e894bd,蔽
2627,e7a5ad,祭
2628,e5818f,偏
2629,e5909e,吞
2630,e59fad,埭
2631,e7a59b,祛
2632,e6aeb7,殷
2633,e6b281,沁
2634,e8b2bf,貿
2635,e8b5a3,赣
2636,e7b8a3,縣
2637,e992a9,钩
2638,e7ad92,筒
2639,e68abd,抽
2640,e981a0,遠
2641,e6bba4,滤
2642,e7b292,粒
2643,e5b89b,帛
2644,e9aca5,鬥
2645,e4bf97,俗
2646,e9ba92,麒
2647,e6969c,斜
2648,e8b18a,豊
2649,e7a590,祐
2650,e99ead,鞭
2651,e9aa82,骂
2652,e8a282,袂
2653,e7be9a,羚
2654,e68b94,拔
2655,e68ca1,挡
2656,e8949a,蔚
2657,e6b689,涉
2658,e6adb3,歳
2659,e69d89,杉
2660,e5aa9a,媚
2661,e5a791,姑
2662,e7a0bc,砼
2663,e5bfbd,忽
2664,e5bdad,彭
2665,e8a8aa,訪
2666,e9a288,颈
2667,e8978d,藍
2668,e58fa5,句
2669,e58e89,厉
2670,e8b4a5,败
2671,e581b6,偶
2672,e9b9a4,鹤
2673,e882bf,肿
2674,e7919a,瑚
2675,e6b0a2,氢
2676,e6a3b1,棱
2677,e784b1,焱
2678,e4b983,乃
2679,e98097,逗
2680,e68dae,据
2681,e4bf9e,俞
2682,e692b7,撷
2683,e4bdac,佬
2684,e6b8a3,渣
2685,e5aa9b,媛
2686,e68395,惕
2687,e5a4b1,失
2688,e7afae,篮
2689,e889b0,艰
2690,e7b8bd,總
2691,e6b19d,汝
2692,e58aab,劫
2693,e6a694,榔
2694,e6908f,搏
2695,e4beac,侬
2696,e5a1ab,填
2697,e9baaf,麯
2698,e697b1,旱
2699,e8a382,裂
2700,e7a8bd,稽
2701,e992b5,钵
2702,e99b81,雁
2703,e6b4bc,洼
2704,e8a39d,裝
2705,e98495,鄕
2706,e9a9b2,驲
2707,e6a688,榈
2708,e58f99,叙
2709,e69f9a,柚
2710,e99fac,韬
2711,e7a7b0,称
2712,e885b0,腰
2713,e9bb9b,黛
2714,e5b9ba,幺
2715,e796ae,疮
2716,e8b19a,豚
2717,e69895,昕
2718,e798a9,瘩
2719,e790bc,琼
2720,e7a4b4,礴
2721,e7bba9,绩
2722,e691b8,摸
2723,e9aa9a,骚
2724,e9bab5,麵
2725,e7aba3,竣
2726,e4bda3,佣
2727,e9bcbb,鼻
2728,e59b8a,囊
2729,e7bebf,羿
2730,e7a885,稅
2731,e99880,阀
2732,e88eba,莺
2733,e581b7,偷
2734,e981a3,遣
2735,e7ae8d,箍
2736,e8a780,觀
2737,e69a97,暗
2738,e881af,聯
2739,e88d90,荐
2740,e8a199,衙
2741,e59386,哆
2742,e796b2,疲
2743,e6a686,榆
2744,e69bb9,曹
2745,e9be9f,龟
2746,e5ad99,孙
2747,e5809f,借
2748,e68fa1,握
2749,e59387,哇
2750,e7be99,羙
2751,e582a3,傣
2752,e79ba7,盧
2753,e697a2,既
2754,e585a9,兩
2755,e6adb7,歷
2756,e79787,症
2757,e5a8a0,娠
2758,e8aea8,讨
2759,e88283,肃
2760,e6b4bd,洽
2761,e88383,胃
2762,e6b68c,涌
2763,e686ac,憬
2764,e68782,懂
2765,e78aaf,犯
2766,e689aa,扪
2767,e69295,撕
2768,e79c80,眀
2769,e9a9b3,驳
2770,e585bc,兼
2771,e5b088,專
2772,e9acbc,鬼
2773,e595a7,啧
2774,e7bf8c,翌
2775,e9998c,陌
2776,e99c96,霖
2777,e5b885,帅
2778,e68e88,授
2779,e698b1,昱
2780,e6b2be,沾
2781,e89e82,螂
2782,e79fad,短
2783,e8afbb,读
2784,e5b597,嵗
2785,e89c98,蜘
2786,e69e87,枇
2787,e4bd86,但
2788,e68b9f,拟
2789,e8b5a4,赤
2790,e4beb5,侵
2791,e581a2,偢
2792,e7bbb5,绵
2793,e688aa,截
2794,e8b5ab,赫
2795,e8b5b6,赶
2796,e6918a,摊
2797,e6acb2,欲
2798,e784b0,焰
2799,e58fab,叫
2800,e893ae,蓮
2801,e5a1b1,塱
2802,e79691,疑
2803,e7998c,癌
2804,e59d8e,坎
2805,e9a9bc,驼
2806,e7bb9e,绞
2807,e998b6,阶
2808,e596bd,喽
2809,e7bfb3,翳
2810,e78296,炖
2811,e980ba,逺
2812,e8b08b,谋
2813,e59ba7,囧
2814,e59c97,圗
2815,e595b8,啸
2816,e6a6ad,榭
2817,e9868b,醋
2818,e994a3,锣
2819,e68981,扁
2820,e793a3,瓣
2821,e6bf83,濃
2822,e58a8d,劍
2823,e888b5,舵
2824,e589b5,創
2825,e5a6bb,妻
2826,e8a3b3,裳
2827,e9a3be,飾
2828,e6a492,椒
2829,e782ad,炭
2830,e9b8a5,鸥
2831,e79ab1,皱
2832,e78cb4,猴
2833,e78294,炔
2834,e895b4,蕴
2835,e89589,蕉
2836,e99a85,隅
2837,e59e92,垒
2838,e69385,擅
2839,e69597,敗
2840,e68e89,掉
2841,e8a5b2,襲
2842,e9a5bf,饿
2843,e6a2b5,梵
2844,e8af8d,词
2845,e78497,焗
2846,e587ad,凭
2847,e8a4aa,褪
2848,e7b298,粘
2849,e6ba9c,溜
2850,e597a8,嗨
2851,e5bca9,弩
2852,e4be8b,例
2853,e8b18c,豌
2854,e99896,阖
2855,e6938d,操
2856,e6af82,毂
2857,e7ac83,笃
2858,e6b79e,淞
2859,e8a9b1,話
2860,e58898,刘
2861,e798be,瘾
2862,e88b9f,苟
2863,e98284,還
2864,e68ba8,拨
2865,e68e8c,掌
2866,e5bc83,弃
2867,e69e90,析
2868,e79cb8,眸
2869,e888b1,舱
2870,e799a3,癣
2871,e89a8a,蚊
2872,e78f82,珂
2873,e9928e,钎
2874,e6b289,沉
2875,e793af,瓯
2876,e6b7bc,淼
2877,e88d9f,荟
2878,e7a789,秉
2879,e9a3ae,飮
2880,e58db4,却
2881,e697ac,旬
2882,e5ba9e,庞
2883,e8a882,訂
2884,e681a2,恢
2885,e98ab9,銹
2886,e79798,痘
2887,e7b693,經
2888,e7afb7,篷
2889,e6bdbc,潼
2890,e68eac,掬
2891,e59d91,坑
2892,e68d95,捕
2893,e7bf81,翁
2894,e5bdbc,彼
2895,e9a393,飓
2896,e9a9b1,驱
2897,e5bcb5,張
2898,e5ac89,嬉
2899,e9b784,鷄
2900,e7b480,紀
2901,e5b095,尕
2902,e88ab7,芷
2903,e6be8b,澋
2904,e68b92,拒
2905,e8b49e,贞
2906,e6bea1,澡
2907,e891b5,葵
2908,e78fba,珺
2909,e69aae,暮
2910,e8a6bd,覽
2911,e88a8b,芋
2912,e68481,愁
2913,e9879c,釜
2914,e6b88a,渊
2915,e59792,嗒
2916,e5ab81,嫁
2917,e592ab,咫
2918,e69eaa,枪
2919,e88d92,荒
2920,e686a8,憨
2921,e9a79b,駛
2922,e9b38c,鳌
2923,e9ad8f,魏
2924,e8b3aa,質
2925,e4ba88,予
2926,e6ad87,歇
2927,e5bc84,弄
2928,e986b8,醸
2929,e88f87,菇
2930,e598bb,嘻
2931,e4b98e,乎
2932,e88591,腑
2933,e99299,钙
2934,e89b9f,蛟
2935,e59cad,圭
2936,e58ca0,匠
2937,e5b1a5,履
2938,e6829f,悟
2939,e5beb3,徳
2940,e4b8a8,丨
2941,e98489,鄉
2942,e4baa2,亢
2943,e5b4b4,崴
2944,e7b5b2,絲
2945,e7a9b7,穷
2946,e789a6,牦
2947,e882b4,肴
2948,e9a1b7,顷
2949,e8bfb0,述
2950,e5be9e,從
2951,e5bb93,廓
2952,e8bda7,轧
2953,e7849a,焚
2954,e4b992,乒
2955,e7bb85,绅
2956,e78595,煕
2957,e6a8be,樾
2958,e888b6,舶
2959,e5ae83,它
2960,e9aa90,骐
2961,e6a096,栖
2962,e6a58a,楊
2963,e5a085,堅
2964,e89687,薇
2965,e8a9a9,詩
2966,e7bab2,纲
2967,e6909e,搞
2968,e4b89b,丛
2969,e98fa1,鏡
2970,e88aac,芬
2971,e98086,逆
2972,e8b4bb,贻
2973,e8a399,裙
2974,e885bf,腿
2975,e88287,肇
2976,e982b1,邱
2977,e5bf98,忘
2978,e6898e,扎
2979,e4bb9f,仟
2980,e998b1,阱
2981,e7a89e,稞
2982,e79484,甄
2983,e6bea4,澤
2984,e683b0,惰
2985,e7ac9b,笛
2986,e9998b,陋
2987,e6b7a1,淡
2988,e6899b,扛
2989,e999b7,陷
2990,e79ca0,眠
2991,e8bf85,迅
2992,e694bb,攻
2993,e68bbe,拾
2994,e68489,愉
2995,e88d98,荘
2996,e5bcb7,強
2997,e7a192,硒
2998,e5958f,問
2999,e9828a,邊
3000,e98d8d,鍍
3001,e7ab96,竖
3002,e59898,嘘
3003,e6b5b8,浸
3004,e9938d,铍
3005,e59ea0,垠
3006,e8bdb0,轰
3007,e4bc9e,伞
3008,e4bda9,佩
3009,e59c93,圓
3010,e6b0ae,氮
3011,e69392,擒
3012,e89d87,蝇
3013,e4be88,侈
3014,e5a699,妙
3015,e68892,戒
3016,e9a795,駕
3017,e681b6,恶
3018,e78ba0,狠
3019,e9859d,酝
3020,e9a297,颗
3021,e99499,错
3022,e6b397,泗
3023,e6b3be,泾
3024,e5909f,吟
3025,e68bbc,拼
3026,e6a194,桔
3027,e6a1a6,桦
3028,e887ad,臭
3029,e7af80,節
3030,e6aa80,檀
3031,e5a480,夀
3032,e884b8,脸
3033,e6a8a3,樣
3034,e7b994,織
3035,e6b6af,涯
3036,e6a89f,樟
3037,e9ad81,魁
3038,e9a5b1,饱
3039,e994af,锯
3040,e6a088,栈
3041,e7b2b9,粹
3042,e5b7b3,巳
3043,e99098,鐘
3044,e5aba9,嫩
3045,e68ca3,挣
3046,e7bdaa,罪
3047,e587a0,几
3048,e6a5b9,楹
3049,e699b0,晰
3050,e5bba0,廠
3051,e98083,逃
3052,e8aebf,访
3053,e6bd94,潔
3054,e4bb97,仗
3055,e9a695,馕
3056,e7a997,穗
3057,e6808e,怎
3058,e6bbbe,滾
3059,e7a6ba,禺
3060,e59682,喂
3061,e79d9b,睛
3062,e797a3,痣
3063,e596ab,喫
3064,e8bbb0,軰
3065,e69c94,朔
3066,e79cbe,眾
3067,e789a1,牡
3068,e5b084,射
3069,e887a3,臣
3070,e6878b,懋
3071,e7b7b9,緹
3072,e8a4a5,褥
3073,e4bcb6,伶
3074,e983a2,郢
3075,e783a6,烦
3076,e887ba,臺
3077,e68a9a,抚
3078,e6a1a9,桩
3079,e7a390,磐
3080,e5ad9c,孜
3081,e88186,聆
3082,e6b0a9,氩
3083,e79fa2,矢
3084,e58189,偉
3085,e59f8b,埋
3086,e7b881,縁
3087,e6b2b1,沱
3088,e59096,吖
3089,e7bca0,缠
3090,e891ab,葫
3091,e5b3a8,峨
3092,e990b5,鐵
3093,e986ac,醬
3094,e4ba9b,些
3095,e6b2a7,沧
3096,e5a883,娃
3097,e59391,哑
3098,e882be,肾
3099,e8a9b3,詳
3100,e7bc95,缕
3101,e589bf,剿
3102,e7878e,燎
3103,e5a49f,够
3104,e6a593,楓
3105,e58396,僖
3106,e580a9,倩
3107,e7bb91,绑
3108,e69f91,柑
3109,e7a4bb,礻
3110,e58e8c,厌
3111,e9b8aa,鸪
3112,e880b8,耸
3113,e59fb8,埸
3114,e587b3,凳
3115,e7929e,璞
3116,e6afaf,毯
3117,e8b4ab,贫
3118,e586bb,冻
3119,e58fb1,叱
3120,e6bfb1,濱
3121,e68c9e,挞
3122,e8aabc,誼
3123,e681ac,恬
3124,e8a19e,衞
3125,e9928a,钊
3126,e69288,撈
3127,e88da4,荤
3128,e99fa6,韦
3129,e88d94,荔
3130,e69fb1,柱
3131,e8af8f,诏
3132,e7b2b5,粵
3133,e58bba,勺
3134,e993a3,铣
3135,e58b9d,勝
3136,e683af,惯
3137,e582b3,傳
3138,e988b4,鈴
3139,e88cb5,茵
3140,e98aad,銭
3141,e7bb8e,绎
3142,e9a9ad,驭
3143,e59694,喔
3144,e698bc,昼
3145,e58a9d,劝
3146,e7adb1,筱
3147,e7bca9,缩
3148,e69d96,杖
3149,e8ab8b,請
3150,e782bc,炼
3151,e4b898,丘
3152,e5a58e,奎
3153,e68e8f,掏
3154,e8b993,蹓
3155,e6b2b8,沸
3156,e59d9f,坟
3157,e9a5b2,饲
3158,e68195,恕
3159,e68988,扈
3160,e99b9e,雞
3161,e58b98,勘
3162,e99c9c,霜
3163,e7a2b1,碱
3164,e89c93,蜓
3165,e5b1ac,屬
3166,e5a6b2,妲
3167,e9878a,释
3168,e7908a,琊
3169,e7adb7,筷
3170,e7aaa9,窩
3171,e881aa,聪
3172,e88c89,茉
3173,e892bf,蒿
3174,e5b4a7,崧
3175,e899ac,虬
3176,e88c9c,茜
3177,e799ab,癫
3178,e98e96,鎖
3179,e6af97,毗
3180,e885ba,腺
3181,e5b18e,屎
3182,e683ac,惬
3183,e897bb,藻
3184,e99bbe,雾
3185,e7ad86,筆
3186,e6ae93,殓
3187,e68ea9,掩
3188,e681a4,恤
3189,e885b9,腹
3190,e99385,铅
3191,e9a7bf,駿
3192,e99b9c,雜
3193,e7908d,琍
3194,e7b399,糙
3195,e58e98,厘
3196,e591bc,呼
3197,e5a4b8,夸
3198,e58796,凖
3199,e9b490,鴐
3200,e8baba,躺
3201,e7b1ac,籬
3202,e6ada1,歡
3203,e88386,胆
3204,e5b7a9,巩
3205,e69e95,枕
3206,e88f80,菀
3207,e68294,悔
3208,e7b098,簘
3209,e6bb9e,滞
3210,e7be94,羔
3211,e982b9,邹
3212,e6b591,浑
3213,e5808b,個
3214,e5af9e,寞
3215,e79f97,矗
3216,e4bb86,仆
3217,e585b9,兹
3218,e88098,耘
3219,e8b4bf,贿
3220,e8a1b7,衷
3221,e7828a,炊
3222,e7b38a,糊
3223,e7a89a,稚
3224,e9a3b2,飲
3225,e69992,晒
3226,e68595,慕
3227,e8b7b6,跶
3228,e9a2a2,颢
3229,e6b785,淅
3230,e592bd,咽
3231,e9baa5,麥
3232,e7bf8e,翎
3233,e7a19a,硚
3234,e79a82,皂
3235,e68190,恐
3236,e5a1b5,塵
3237,e6b4ae,洮
3238,e98b81,鋁
3239,e5a9a7,婧
3240,e8b3bc,購
3241,e58cae,匮
3242,e7b882,縂
3243,e69c95,朕
3244,e5b49b,崛
3245,e595bc,啼
3246,e782ba,為
3247,e6acba,欺
3248,e7ad94,答
3249,e5b890,帐
3250,e7a6bd,禽
3251,e6858b,態
3252,e6a4b4,椴
3253,e5bf99,忙
3254,e881ab,聫
3255,e4bfac,俬
3256,e683a9,惩
3257,e5879b,凛
3258,e7bbaa,绪
3259,e79ebf,瞿
3260,e88ab8,芸
3261,e99891,阑
3262,e58eae,厮
3263,e5958a,啊
3264,e5968a,喊
3265,e89991,虑
3266,e7969a,疚
3267,e7a684,禄
3268,e7839b,烛
3269,e9a483,餃
3270,e890a6,萦
3271,e6bda4,潤
3272,e583a7,僧
3273,e4bc90,伐
3274,e998bb,阻
3275,e8ac80,謀
3276,e7b4af,累
3277,e782b4,炴
3278,e88f81,菁
3279,e983b8,郸
3280,e782ae,炮
3281,e9b1bf,鱿
3282,e8a9a6,試
3283,e783a8,烨
3284,e7bca6,缦
3285,e68aac,抬
3286,e89cbb,蜻
3287,e58b81,勁
3288,e58794,凔
3289,e5b294,岔
3290,e99c8d,霍
3291,e89fb2,蟲
3292,e58f83,參
3293,e896af,薯
3294,e6bd9e,潞
3295,e985b5,酵
3296,e69a82,暂
3297,e791af,瑯
3298,e992a8,钨
3299,e585bf,兿
3300,e88fa7,菧
3301,e7a28e,碎
3302,e982af,邯
3303,e8b190,豐
3304,e996a4,閤
3305,e8a69a,覚
3306,e593a8,哨
3307,e9809d,逝
3308,e59f94,埔
3309,e8848a,脊
3310,e5b3bb,峻
3311,e985aa,酪
3312,e5b482,崂
3313,e5aba3,嫣
3314,e5a886,娆
3315,e5a6a9,妩
3316,e58089,倉
3317,e78e93,玓
3318,e7a29a,碚
3319,e98282,邂
3320,e997ab,闫
3321,e581bf,偿
3322,e596a7,喧
3323,e7ac88,笈
3324,e89d88,蝈
3325,e6998f,晏
3326,e681b0,恰
3327,e8b2bb,費
3328,e785a8,煨
3329,e8a785,觅
3330,e88fa1,菡
3331,e78694,熔
3332,e78fb2,珲
3333,e7bcb8,缸
3334,e8af9e,诞
3335,e6988f,昏
3336,e6a2ad,梭
3337,e6a8bd,樽
3338,e98085,逅
3339,e9a4a0,餠
3340,e89c92,蜒
3341,e69882,昂
3342,e89082,萂
3343,e88782,臂
3344,e99baf,雯
3345,e6b69e,涞
3346,e5908b,吋
3347,e686a9,憩
3348,e88cb9,茹
3349,e5928f,咏
3350,e9b3ae,鳮
3351,e5a3ae,壮
3352,e7a5a0,祠
3353,e887a8,臨
3354,e6b58f,浏
3355,e7a986,穆
3356,e799b8,癸
3357,e798a6,瘦
3358,e59bb0,困
3359,e9a282,颂
3360,e9b594,鵔
3361,e78fbe,現
3362,e8bc95,輕
3363,e7969d,疝
3364,e8b3a3,賣
3365,e7b2bd,粽
3366,e8be9f,辟
3367,e8878a,臊
3368,e78684,熄
3369,e5b994,幔
3370,e99fad,韭
3371,e69fa0,柠
3372,e5a5b9,她
3373,e5b188,屈
3374,e88eb9,莹
3375,e4bc8d,伍
3376,e58987,則
3377,e8a9a0,詠
3378,e791b7,瑷
3379,e78285,炅
3380,e6a695,榕
3381,e68f9a,揚
3382,e8b2a0,負
3383,e59584,啄
3384,e58d92,卒
3385,e7a1ab,硫
3386,e5ada4,孤
3387,e982b5,邵
3388,e59ca9,圩
3389,e596ac,喬
3390,e9818a,遊
3391,e88595,腕
3392,e7af84,範
3393,e59db7,坷
3394,e8b093,谓
3395,e886a0,膠
3396,e793a2,瓢
3397,e699a6,晦
3398,e586a5,冥
3399,e588a8,刨
3400,e4b891,丑
3401,e6a798,様
3402,e58891,刑
3403,e9a198,願
3404,e5b5a9,嵩
3405,e6b0bd,氽
3406,e591b1,呱
3407,e79880,瘀
3408,e896a1,薡
3409,e8a3bd,製
3410,e792b0,環
3411,e8a3a1,裡
3412,e79da6,睦
3413,e7879f,營
3414,e59092,吒
3415,e9a28d,颍
3416,e5b496,崖
3417,e9be88,龈
3418,e6b282,沂
3419,e6b190,汐
3420,e4b894,且
3421,e59c83,圃
3422,e6bb87,滇
3423,e6ad86,歆
3424,e8a6ba,覺
3425,e9968f,閏
3426,e6bfae,濮
3427,e79b8e,盎
3428,e888ab,舫
3429,e7b9b9,繹
3430,e9aa87,骇
3431,e89da0,蝠
3432,e89186,葆
3433,e68d86,捆
3434,e99987,陇
3435,e88786,臆
3436,e69aa7,暧
3437,e5a995,婕
3438,e69ba6,曦
3439,e5a5a7,奧
3440,e89c95,蜕
3441,e885b8,腸
3442,e6b6bf,涿
3443,e98991,鉑
3444,e6bb81,滁
3445,e89e83,螃
3446,e58291,傑
3447,e98984,鉄
3448,e68d90,捐
3449,e5bb9b,廛
3450,e99db6,靶
3451,e5bb82,廂
3452,e6968c,斌
3453,e6a781,槁
3454,e7b792,緒
3455,e79b94,盔
3456,e981a8,遨
3457,e8bfa9,迩
3458,e8a28d,袍
3459,e8a7b3,觳
3460,e58ca3,匣
3461,e8b58c,赌
3462,e8afa4,诤
3463,e9a18c,題
3464,e581ad,偭
3465,e8a8ba,診
3466,e4b993,乓
3467,e59680,喀
3468,e9b2b8,鲸
3469,e5b6aa,嶪
3470,e8a4a1,褡
3471,e88e98,莘
3472,e582a2,傢
3473,e5a683,妃
3474,e6b784,淄
3475,e5b087,將
3476,e795ab,畫
3477,e88397,胗
3478,e6adb2,歲
3479,e7a2b0,碰
3480,e6888e,戎
3481,e4b888,丈
3482,e797a4,痤
3483,e795b5,畵
3484,e6998c,晌
3485,e68b8e,拎
3486,e5a9a6,婦
3487,e6b29b,沛
3488,e6ae8a,殊
3489,e5908f,吏
3490,e5bab5,庵
3491,e5a3ac,壬
3492,e59593,啓
3493,e686be,憾
3494,e79caf,眯
3495,e59daf,坯
3496,e8a3a2,裢
3497,e58fb9,叹
3498,e8919a,葚
3499,e98798,釘
3500,e994ba,锺
3501,e880bd,耽
3502,e6afa1,毡
3503,e585ae,兮
3504,e9bb92,黒
3505,e7a8bc,稼
3506,e9bd8a,齊
3507,e99b8f,雏
3508,e9a098,領
3509,e5939f,哟
3510,e5bb8e,廎
3511,e8bbbd,軽
3512,e69cb4,朴
3513,e6ac8a,權
3514,e69bbe,曾
3515,e689ad,扭
3516,e8b2a2,貢
3517,e7928e,璎
3518,e6aaac,檬
3519,e7b699,継
3520,e983b4,郴
3521,e5a7a8,姨
3522,e6b8b4,渴
3523,e89aac,蚬
3524,e79090,琐
3525,e68ca4,挤
3526,e8a194,衔
3527,e89590,蕐
3528,e5a595,奕
3529,e7b484,約
3530,e99e8d,鞍
3531,e6baa7,溧
3532,e6858c,慌
3533,e78091,瀑
3534,e5929b,咛
3535,e79085,琅
3536,e99c86,霆
3537,e99396,铖
3538,e9a485,餅
3539,e9849e,鄞
3540,e89593,蕓
3541,e6bab6,溶
3542,e99c84,霄
3543,e8b582,赂
3544,e88ebc,莼
3545,e5bd8c,彌
3546,e4bb83,仃
3547,e6b28f,沏
3548,e993a0,铠
3549,e685b0,慰
3550,e7919b,瑛
3551,e7ac95,笕
3552,e5b6a9,嶩
3553,e585a2,兢
3554,e7bba5,绥
3555,e982a8,邨
3556,e59d82,坂
3557,e8b39e,賞
3558,e6b88e,渎
3559,e8be90,辐
3560,e9b4bf,鴿
3561,e58a89,劉
3562,e7b1a3,籣
3563,e6b88d,渍
3564,e7abbf,竿
3565,e883a5,胥
3566,e88ead,莭
3567,e584b2,儲
3568,e9b0b2,鰲
3569,e697af,旯
3570,e7aa83,窃
3571,e69b9d,曝
3572,e9b9a7,鹧
3573,e59583,啃
3574,e58385,僅
3575,e886a8,膨
3576,e7a0ba,砺
3577,e5b3aa,峪
3578,e59186,呆
3579,e5b6ba,嶺
3580,e998b5,阵
3581,e7abba,竺
3582,e796a4,疤
3583,e5bb9a,廚
3584,e8b588,赈
3585,e58983,剃
3586,e58fbd,叽
3587,e8aabf,調
3588,e9a082,頂
3589,e7919f,瑟
3590,e7a6a6,禦
3591,e59bb1,囱
3592,e99ab1,隱
3593,e99c93,霓
3594,e99fb6,韶
3595,e88bbc,苼
3596,e596b1,喱
3597,e7b5a8,絨
3598,e59791,嗑
3599,e98597,酗
3600,e59389,哉
3601,e8bfa0,迠
3602,e58787,凇
3603,e6a181,桁
3604,e88a8a,芊
3605,e7b280,粀
3606,e69894,昔
3607,e6b69f,涟
3608,e993a8,铨
3609,e78f9e,珞
3610,e882a2,肢
3611,e78381,烁
3612,e7a9b4,穴
3613,e6bf9f,濟
3614,e9978c,闌
3615,e99d9a,靚
3616,e5af9d,寝
3617,e7beaf,羯
3618,e5a48c,夌
3619,e88fa0,菠
3620,e786b1,熱
3621,e6bcaa,漪
3622,e59397,哗
3623,e59ea6,垦
3624,e782b3,炳
3625,e790a5,琥
3626,e5b1a1,屡
3627,e68cbd,挽
3628,e5b0b4,尴
3629,e5b0ac,尬
3630,e8bbb8,軸
3631,e5a18c,塌
3632,e891a9,葩
3633,e4bfa9,俩
3634,e699a4,晤
3635,e5b3ad,峭
3636,e8be9e,辞
3637,e682bc,悼
3638,e590b5,吵
3639,e8bfad,迭
3640,e5a3bd,壽
3641,e6bfa0,濠
3642,e7bcaa,缪
3643,e980bc,逼
3644,e89bae,蛮
3645,e78a9f,犟
3646,e6a998,橘
3647,e6bba5,滥
3648,e8af80,诀
3649,e7a09a,砚
